YouTube URL,Publish Date
https://www.youtube.com/watch?v=r0mNwyywHIY,2022-01-28T15:00:12Z
https://www.youtube.com/watch?v=i9NOkjmBszo,2021-11-30T15:00:10Z
https://www.youtube.com/watch?v=v9geHIUOxeA,2022-01-21T15:00:38Z
https://www.youtube.com/watch?v=bgf18kANm_k,2022-01-14T14:01:12Z
https://www.youtube.com/watch?v=kyfXEMqvLgU,2022-01-14T15:00:10Z
https://www.youtube.com/watch?v=ey6H_cBy-OQ,2021-11-12T15:00:11Z
https://www.youtube.com/watch?v=14C28JSO-sg,2021-11-26T13:59:45Z
https://www.youtube.com/watch?v=290Q1JFInHE,2022-01-14T17:00:44Z
https://www.youtube.com/watch?v=TNIbXs_iNq8,2021-10-08T20:57:29Z
https://www.youtube.com/watch?v=6MNxuMgg58k,2021-11-26T21:00:08Z
https://www.youtube.com/watch?v=jW7j41mbxXU,2021-07-16T14:03:42Z
https://www.youtube.com/watch?v=SvWQZfEWA0s,2021-11-26T14:00:21Z
https://www.youtube.com/watch?v=r2ma8WPRppk,2021-10-22T13:59:34Z
https://www.youtube.com/watch?v=J_jJhHhYW9w,2021-10-01T15:00:13Z
https://www.youtube.com/watch?v=MQv__TADEGM,2021-10-22T14:00:14Z
https://www.youtube.com/watch?v=mo1NcPxKfQU,2021-09-17T15:00:29Z
https://www.youtube.com/watch?v=79KWwlhbOD8,2021-10-23T21:00:11Z
https://www.youtube.com/watch?v=kyjtx28z-bE,2022-01-28T15:00:10Z
https://www.youtube.com/watch?v=r2gppKSvBLE,2021-10-29T15:00:03Z
https://www.youtube.com/watch?v=fo2iXmnmx0w,2022-01-09T00:40:17Z
https://www.youtube.com/watch?v=BKDz5kNjkfU,2021-12-07T17:00:08Z
https://www.youtube.com/watch?v=c7mbGJvX6t4,2022-01-20T21:25:46Z
https://www.youtube.com/watch?v=UDVr3ab3NVM,2021-09-23T23:00:11Z
https://www.youtube.com/watch?v=edjih_b_NBQ,2021-07-02T15:00:14Z
https://www.youtube.com/watch?v=I8va_ChEIAI,2021-10-15T23:00:12Z
https://www.youtube.com/watch?v=6lsOfEHb4C4,2021-11-08T15:00:12Z
https://www.youtube.com/watch?v=PJqHlzBiZ0A,2022-01-19T22:00:32Z
https://www.youtube.com/watch?v=88_jnJP0OtA,2018-02-16T15:57:02Z
https://www.youtube.com/watch?v=cPGKKktrObc,2022-02-04T15:00:13Z
https://www.youtube.com/watch?v=4FaHeREoRUc,2022-02-04T15:00:05Z
https://www.youtube.com/watch?v=2PRAiVs3MVc,2021-05-27T17:00:11Z
https://www.youtube.com/watch?v=UDGZ1PesO1A,2022-01-31T14:10:40Z
https://www.youtube.com/watch?v=qMEsx__88Gk,2021-02-26T14:00:18Z
https://www.youtube.com/watch?v=0jnZreO4Dvs,2021-09-17T15:00:10Z
https://www.youtube.com/watch?v=6EGg0_l-edc,2021-09-03T15:00:14Z
https://www.youtube.com/watch?v=OXFN3ZMgaVk,2021-12-15T10:09:39Z
https://www.youtube.com/watch?v=PkzJgGZBFDg,2022-01-28T00:00:23Z
https://www.youtube.com/watch?v=yvHbajFWOQE,2022-01-26T18:00:12Z
https://www.youtube.com/watch?v=BpxrvcYDnf4,2021-10-15T14:00:04Z
https://www.youtube.com/watch?v=KvAagUxO3OY,2022-01-28T15:00:08Z
https://www.youtube.com/watch?v=_7DKuv_xsuY,2021-06-11T14:00:02Z
https://www.youtube.com/watch?v=_SjTFD9qVuE,2021-12-10T13:56:49Z
https://www.youtube.com/watch?v=ls74YCwYB4k,2021-12-10T15:00:33Z
https://www.youtube.com/watch?v=yscpKRgaQdE,2021-09-09T15:00:13Z
https://www.youtube.com/watch?v=iLTR0UyG2Yo,2021-12-09T14:00:09Z
https://www.youtube.com/watch?v=kI5mmq5QIz4,2021-07-16T15:00:11Z
https://www.youtube.com/watch?v=ZdNmeRtuKik,2021-09-16T10:08:54Z
https://www.youtube.com/watch?v=2PkxaVyVLpE,2021-12-17T21:00:12Z
https://www.youtube.com/watch?v=2_xBCeBmaS8,2021-08-06T15:00:11Z
https://www.youtube.com/watch?v=JgLFoArntlI,2021-03-26T15:00:17Z
https://www.youtube.com/watch?v=IEDv84S-gqw,2021-12-04T21:00:03Z
https://www.youtube.com/watch?v=X7cz9v6mHzg,2021-11-26T14:00:23Z
https://www.youtube.com/watch?v=CJdhWgebwqA,2022-02-09T00:00:10Z
https://www.youtube.com/watch?v=4Y7c0DIdG3A,2022-02-05T15:00:10Z
https://www.youtube.com/watch?v=D9G1VOjN_84,2021-10-28T11:00:09Z
https://www.youtube.com/watch?v=SNbURUnTYCM,2021-12-23T21:00:12Z
https://www.youtube.com/watch?v=uiF6lbyVS-4,2022-01-18T21:00:32Z
https://www.youtube.com/watch?v=hyDElqwFnYI,2021-12-20T22:30:11Z
https://www.youtube.com/watch?v=vMMRpr2PXSw,2021-09-22T14:00:12Z
https://www.youtube.com/watch?v=pGttcnBBzW4,2021-09-10T21:15:11Z
https://www.youtube.com/watch?v=y1TtVi6qm98,2021-09-03T14:00:13Z
https://www.youtube.com/watch?v=ENHwrVK0wn8,2021-12-02T21:00:09Z
https://www.youtube.com/watch?v=jyFqlWOVOC0,2021-08-27T15:00:11Z
https://www.youtube.com/watch?v=kezf4Fo7B9M,2021-12-02T14:00:10Z
https://www.youtube.com/watch?v=G0hd7MngdRQ,2022-02-04T15:00:13Z
https://www.youtube.com/watch?v=qZxXZ2UpaBs,2021-09-21T14:00:10Z
https://www.youtube.com/watch?v=vZcR9Qs0IlQ,2021-09-28T15:04:49Z
https://www.youtube.com/watch?v=Rr5yQs-s0_0,2021-10-22T15:00:11Z
https://www.youtube.com/watch?v=,
https://www.youtube.com/watch?v=UL7-YIS_R4Y,2022-03-19T10:07:54Z
https://www.youtube.com/watch?v=_0bDIQgliHg,2022-02-04T13:59:29Z
https://www.youtube.com/watch?v=HVSSnhgm8So,2021-11-19T15:00:14Z
https://www.youtube.com/watch?v=veKig4zrOFs,2021-02-05T00:00:45Z
https://www.youtube.com/watch?v=G-zyOLsfEBQ,2021-12-31T00:08:22Z
https://www.youtube.com/watch?v=15wVHmz_Aag,2021-11-20T15:00:25Z
https://www.youtube.com/watch?v=Amf8JCOKCUA,2021-12-20T15:00:10Z
https://www.youtube.com/watch?v=GBXt9oB407c,2021-11-07T22:00:10Z
https://www.youtube.com/watch?v=9Et53l5l-FE,2021-12-10T15:00:12Z
https://www.youtube.com/watch?v=CGbvMQ7xDtE,2021-10-08T14:00:14Z
https://www.youtube.com/watch?v=_30UknzUmcw,2021-09-03T15:00:11Z
https://www.youtube.com/watch?v=VsIp4-vnqlw,2022-01-27T00:00:53Z
https://www.youtube.com/watch?v=BM-OhbQE7Rw,2021-12-07T15:48:03Z
https://www.youtube.com/watch?v=XpNWBVtXFsI,2021-12-03T15:00:12Z
https://www.youtube.com/watch?v=xv8NrFQqKJ8,2022-02-09T20:30:11Z
https://www.youtube.com/watch?v=lhDKryCuhhs,2021-12-23T14:00:06Z
https://www.youtube.com/watch?v=gwS9nU4Aavw,2021-11-05T14:00:13Z
https://www.youtube.com/watch?v=0aZWoY4rkFo,2021-11-18T00:26:42Z
https://www.youtube.com/watch?v=X-yIEMduRXk,2021-11-19T05:00:21Z
https://www.youtube.com/watch?v=G75DLlt1GuQ,2021-11-16T15:00:13Z
https://www.youtube.com/watch?v=krfwVY9HaDk,2021-11-29T22:57:37Z
https://www.youtube.com/watch?v=XR4Zp0N6xgU,2022-02-18T14:59:39Z
https://www.youtube.com/watch?v=l6YxlH5xoiw,2021-12-23T22:00:10Z
https://www.youtube.com/watch?v=HYuWGkQhkeo,2021-10-29T13:58:58Z
https://www.youtube.com/watch?v=LYi-JwPBB84,2022-01-29T15:00:12Z
https://www.youtube.com/watch?v=lvnqCPJ1sLM,2021-12-17T15:00:09Z
https://www.youtube.com/watch?v=FpsTsW408s4,2021-12-10T15:15:12Z
https://www.youtube.com/watch?v=I_gwjhvXxzM,2022-02-23T15:00:41Z
https://www.youtube.com/watch?v=GBQEYYSjEpY,2021-11-19T13:57:02Z
https://www.youtube.com/watch?v=wOU46EfrjQs,2022-02-04T15:00:26Z
https://www.youtube.com/watch?v=sf6TheG62PY,2021-11-05T15:00:11Z
https://www.youtube.com/watch?v=p4aPlYN6x1Q,2022-02-11T14:00:44Z
https://www.youtube.com/watch?v=UI_VjxVrzHY,2021-07-30T15:00:10Z
https://www.youtube.com/watch?v=ulY5kBy2exo,2022-02-04T21:48:02Z
https://www.youtube.com/watch?v=5qHJ6bSyPKY,2022-03-18T16:00:50Z
https://www.youtube.com/watch?v=eJO62WkGzcU,2021-05-14T13:51:18Z
https://www.youtube.com/watch?v=2QTCKfVN1ZE,2016-08-25T19:00:01Z
https://www.youtube.com/watch?v=mpiX5Szs-Xs,2021-07-22T15:00:12Z
https://www.youtube.com/watch?v=XUbnhFO0bUc,2022-01-28T14:00:18Z
https://www.youtube.com/watch?v=b2bHm9vZYpQ,2021-09-16T15:00:10Z
https://www.youtube.com/watch?v=jbS0GWNwG00,2021-12-17T13:59:04Z
https://www.youtube.com/watch?v=H7Ou8HPU3Ko,2022-01-16T01:00:11Z
https://www.youtube.com/watch?v=YaEG2aWJnZ8,2021-09-27T20:55:30Z
https://www.youtube.com/watch?v=3vYeQLJ2as4,2021-02-05T13:59:05Z
https://www.youtube.com/watch?v=txqvRehMqRg,2021-10-28T21:00:20Z
https://www.youtube.com/watch?v=lWMTOl1KPbs,2021-09-17T15:00:12Z
https://www.youtube.com/watch?v=tnfbhjbbmu4,2018-10-12T14:00:10Z
https://www.youtube.com/watch?v=fWVTtwI4Rco,2021-11-19T15:00:04Z
https://www.youtube.com/watch?v=bvWRMAU6V-c,2021-12-29T05:00:27Z
https://www.youtube.com/watch?v=ymFBETNZ8e4,2022-02-18T15:00:11Z
https://www.youtube.com/watch?v=K4n7zRoKmPc,2022-02-13T19:50:10Z
https://www.youtube.com/watch?v=W5YaTIBFekM,2022-02-18T15:00:29Z
https://www.youtube.com/watch?v=tQwVKr8rCYw,2021-12-24T05:00:21Z
https://www.youtube.com/watch?v=JWe_smmkgrw,2022-02-17T05:00:16Z
https://www.youtube.com/watch?v=pMaKEU1QzF4,2021-07-23T15:00:49Z
https://www.youtube.com/watch?v=D9MtpH2ZE2U,2022-02-23T10:09:07Z
https://www.youtube.com/watch?v=may3tfKtNWg,2022-07-02T11:30:20Z
https://www.youtube.com/watch?v=gR2Vtcaqd7Y,2022-02-18T13:56:39Z
https://www.youtube.com/watch?v=5LqeD-m7Iho,2020-11-13T15:00:11Z
https://www.youtube.com/watch?v=HOug-9YSxsg,2022-02-18T15:00:15Z
https://www.youtube.com/watch?v=bNUEsNRjQkc,2018-05-18T13:37:25Z
https://www.youtube.com/watch?v=MQtQNlIyjns,2018-05-18T13:37:23Z
https://www.youtube.com/watch?v=iZq0u3quAqo,2020-08-21T17:59:44Z
https://www.youtube.com/watch?v=76_J1jZLp5s,2022-03-10T15:00:08Z
https://www.youtube.com/watch?v=tk0AT9vQiys,2022-02-17T21:29:24Z
https://www.youtube.com/watch?v=WrZ6fKelwOU,2022-02-25T16:00:13Z
https://www.youtube.com/watch?v=-6J3HfX4sbg,2021-07-09T15:00:16Z
https://www.youtube.com/watch?v=x0EPgyNd9o0,2021-04-03T16:01:26Z
https://www.youtube.com/watch?v=VKaLjHZJ-GY,2022-03-18T14:01:02Z
https://www.youtube.com/watch?v=3NwlRzCzzsI,2021-06-23T15:00:14Z
https://www.youtube.com/watch?v=R8s6fIccm-I,2021-04-03T21:00:17Z
https://www.youtube.com/watch?v=hnezG_moEEQ,2021-12-10T00:00:11Z
https://www.youtube.com/watch?v=67tzFKqjcAs,2022-02-09T15:00:07Z
https://www.youtube.com/watch?v=0qYWvuVp-0Q,2021-01-28T16:03:42Z
https://www.youtube.com/watch?v=IKmEssj5uAU,2021-05-14T15:00:07Z
https://www.youtube.com/watch?v=FXRfr5-n4bY,2021-09-01T17:00:13Z
https://www.youtube.com/watch?v=12-3ZAsO_xA,2021-04-06T21:00:00Z
https://www.youtube.com/watch?v=zhaTkKdovgM,2022-03-04T00:00:13Z
https://www.youtube.com/watch?v=hFCjGiawJi4,2021-11-12T00:59:27Z
https://www.youtube.com/watch?v=7m1XTCMgBZ8,2022-03-03T15:00:10Z
https://www.youtube.com/watch?v=W3Xhpmix4KQ,2022-02-23T21:00:12Z
https://www.youtube.com/watch?v=QiXzcQTLIrw,2022-03-22T15:00:11Z
https://www.youtube.com/watch?v=0hV9qYJ3IHQ,2021-02-26T19:20:02Z
https://www.youtube.com/watch?v=CdMYTT8YCls,2022-04-07T15:00:08Z
https://www.youtube.com/watch?v=GCdwKhTtNNw,2013-03-05T08:01:03Z
https://www.youtube.com/watch?v=-8VfKZCOo_I,2022-03-04T15:00:10Z
https://www.youtube.com/watch?v=SuKn9lbCHRc,2022-02-17T15:00:17Z
https://www.youtube.com/watch?v=w46bWxS9IjY,2016-08-05T07:00:02Z
https://www.youtube.com/watch?v=xdr1Wg_cgSo,2020-10-26T13:00:28Z
https://www.youtube.com/watch?v=6vazqxfLpWc,2022-03-11T14:00:11Z
https://www.youtube.com/watch?v=EjVXeTBtNr8,2021-06-12T15:00:13Z
https://www.youtube.com/watch?v=IbJRLeenTSQ,2022-03-11T14:00:04Z
https://www.youtube.com/watch?v=dRK7c3Je9ts,2022-03-15T18:15:11Z
https://www.youtube.com/watch?v=mYTIHb-_KmY,2022-01-28T22:00:30Z
https://www.youtube.com/watch?v=f3lb0tDLCug,2022-03-28T18:07:44Z
https://www.youtube.com/watch?v=2Cr8zkP-d0I,2019-04-12T15:00:01Z
https://www.youtube.com/watch?v=vAM1xXdRnH0,2022-02-25T14:00:08Z
https://www.youtube.com/watch?v=BNSeGVLnMUw,2022-03-18T15:00:14Z
https://www.youtube.com/watch?v=k893U324R2c,2022-02-25T14:00:22Z
https://www.youtube.com/watch?v=K6iRoT8u2xU,2022-02-11T15:00:14Z
https://www.youtube.com/watch?v=p0zuRoa2BH4,2022-03-18T14:00:21Z
https://www.youtube.com/watch?v=ZOdwBgtKv60,2022-03-19T15:00:15Z
https://www.youtube.com/watch?v=s71R46atvf4,2022-03-12T15:00:11Z
https://www.youtube.com/watch?v=vr2fp6SS8aE,2021-10-01T15:00:14Z
https://www.youtube.com/watch?v=yrQuMSYsYZQ,2021-09-17T00:06:56Z
https://www.youtube.com/watch?v=BCTF0TqIlZw,2022-03-18T15:00:05Z
https://www.youtube.com/watch?v=eYuI4krrKBM,2022-04-08T15:00:24Z
https://www.youtube.com/watch?v=8XE6HQ8dZYA,2022-03-25T15:00:12Z
https://www.youtube.com/watch?v=7AlAYttGnAg,2022-03-31T00:00:12Z
https://www.youtube.com/watch?v=baepkREFZ6s,2022-03-25T15:00:07Z
https://www.youtube.com/watch?v=WIv_TesjWMk,2022-04-07T16:02:36Z
https://www.youtube.com/watch?v=b7A98jz4uUA,2022-04-08T14:00:23Z
https://www.youtube.com/watch?v=4Z8cuCZKR5E,2022-03-25T13:53:57Z
https://www.youtube.com/watch?v=zgdQsLH7sDw,2022-03-28T20:19:59Z
https://www.youtube.com/watch?v=TKqa-ZXGKYA,2022-04-02T00:00:12Z
https://www.youtube.com/watch?v=rTJSWmgbVwA,2022-04-01T13:58:36Z
https://www.youtube.com/watch?v=ra6vuF47hB0,2022-04-01T15:00:13Z
https://www.youtube.com/watch?v=273pasBKH18,2022-04-07T01:40:57Z
https://www.youtube.com/watch?v=K73g54E8ZtU,2022-04-01T15:01:01Z
https://www.youtube.com/watch?v=yukvofr7fzg,2022-03-29T16:00:21Z
https://www.youtube.com/watch?v=NAnrixK-agg,2022-03-31T10:09:51Z
https://www.youtube.com/watch?v=n43oZSY7df0,2022-04-05T21:00:20Z
https://www.youtube.com/watch?v=H5v3kku4y6Q,2022-03-31T23:00:10Z
https://www.youtube.com/watch?v=UxuSPF2k5ME,2022-03-30T15:00:12Z
https://www.youtube.com/watch?v=nqNw14agII8,2022-04-01T14:59:34Z
https://www.youtube.com/watch?v=iDJM3HTdjck,2021-10-11T00:00:10Z
https://www.youtube.com/watch?v=CbqAdDo2yCM,2022-04-02T15:00:13Z
https://www.youtube.com/watch?v=MdRHwAbnDhM,2022-03-09T22:00:27Z
https://www.youtube.com/watch?v=76DWwRaztPQ,2022-04-30T15:00:03Z
https://www.youtube.com/watch?v=x4QSi_Eb-c8,2022-03-23T21:00:11Z
https://www.youtube.com/watch?v=lxTFsDzF-nc,2022-03-18T22:00:11Z
https://www.youtube.com/watch?v=2nH7xAMqD2g,2018-12-16T17:59:32Z
https://www.youtube.com/watch?v=uzSme3PRhZ0,2019-08-22T14:59:25Z
https://www.youtube.com/watch?v=mqsb7MSgY6U,2022-03-11T17:00:56Z
https://www.youtube.com/watch?v=Fif726PWiTM,2022-03-29T16:02:16Z
https://www.youtube.com/watch?v=MczwQBm6c8E,2022-04-01T15:00:09Z
https://www.youtube.com/watch?v=8Mt5VSW6U-w,2022-06-11T14:59:47Z
https://www.youtube.com/watch?v=ZkHSMYIRh0A,2022-03-04T15:00:01Z
https://www.youtube.com/watch?v=qa2-wpVZt2E,2022-04-01T16:00:13Z
https://www.youtube.com/watch?v=n1E4NnqUwhw,2022-03-08T21:00:12Z
https://www.youtube.com/watch?v=J9AfRmtdqGs,2022-05-06T21:00:12Z
https://www.youtube.com/watch?v=apPxQOfh0ek,2022-04-15T15:00:10Z
https://www.youtube.com/watch?v=SClzaJuWou4,2022-04-15T15:00:21Z
https://www.youtube.com/watch?v=dEjA3uw5s3I,2022-04-08T15:00:22Z
https://www.youtube.com/watch?v=L2_xh-r10OI,2022-03-25T15:00:13Z
https://www.youtube.com/watch?v=sKj5Fst0JlQ,2021-07-09T15:00:11Z
https://www.youtube.com/watch?v=zP0KRlNPNos,2022-01-21T15:00:12Z
https://www.youtube.com/watch?v=DQnJGuVMgXU,2020-11-19T16:58:32Z
https://www.youtube.com/watch?v=LA-bc9dX4y0,2022-04-08T13:00:14Z
https://www.youtube.com/watch?v=MSIvdSxAckg,2022-04-22T15:00:11Z
https://www.youtube.com/watch?v=lac3TYlarFM,2022-03-11T15:00:12Z
https://www.youtube.com/watch?v=dUC7TBmzrL4,2022-04-26T15:00:11Z
https://www.youtube.com/watch?v=psdZRggL7cI,2022-04-22T14:00:19Z
https://www.youtube.com/watch?v=-MjBmkSXt_g,2022-04-23T15:00:13Z
https://www.youtube.com/watch?v=pdkBGKQgd4c,2022-03-16T21:00:11Z
https://www.youtube.com/watch?v=k2UgfvbR6bA,2021-10-08T15:00:13Z
https://www.youtube.com/watch?v=JTibSD04I_o,2022-06-08T21:15:00Z
https://www.youtube.com/watch?v=48s6RGU1dr0,2022-04-29T14:00:11Z
https://www.youtube.com/watch?v=uFDkjbD4pZs,2022-04-29T00:00:13Z
https://www.youtube.com/watch?v=8dJyRm2jJ-U,2022-04-29T09:00:10Z
https://www.youtube.com/watch?v=HVJWX1B9_lo,2022-04-20T14:00:07Z
https://www.youtube.com/watch?v=OnYr3TisCcg,2022-04-29T14:00:09Z
https://www.youtube.com/watch?v=3rdSK5uY6IM,2022-01-14T22:00:13Z
https://www.youtube.com/watch?v=0hsBzYhz_4g,2022-04-29T14:58:57Z
https://www.youtube.com/watch?v=nQ-xEKZH-T0,2022-05-18T21:00:17Z
https://www.youtube.com/watch?v=-NEYgNY8IXo,2022-06-01T15:00:11Z
https://www.youtube.com/watch?v=0-mKwNMXETo,2021-07-15T00:00:44Z
https://www.youtube.com/watch?v=w7sHsnnQanI,2022-04-27T03:00:11Z
https://www.youtube.com/watch?v=lyHNzNMSZyw,2022-05-05T23:58:29Z
https://www.youtube.com/watch?v=rfkXgby-xn0,2022-05-06T14:00:26Z
https://www.youtube.com/watch?v=mqYjyQG11GQ,2022-05-06T01:44:21Z
https://www.youtube.com/watch?v=nSvxVCdj_gU,2018-02-07T18:57:32Z
https://www.youtube.com/watch?v=AYGyhVLmGYg,2022-05-04T14:00:07Z
https://www.youtube.com/watch?v=XXYlFuWEuKI,2021-01-05T17:00:12Z
https://www.youtube.com/watch?v=81GaF34veWA,2019-12-19T13:00:10Z
https://www.youtube.com/watch?v=1vXn6pl40bo,2022-04-20T21:00:14Z
https://www.youtube.com/watch?v=PL19VJ13Ttg,2022-05-11T15:00:21Z
https://www.youtube.com/watch?v=9EjnfMHIiis,2022-05-12T21:00:09Z
https://www.youtube.com/watch?v=zPuEI4zHMRE,2022-05-11T22:30:12Z
https://www.youtube.com/watch?v=5EuvLJPOuKo,2022-05-13T14:00:04Z
https://www.youtube.com/watch?v=XCBTuf62kps,2022-05-13T22:33:48Z
https://www.youtube.com/watch?v=Wv6xQMEC-Wo,2022-09-30T00:00:13Z
https://www.youtube.com/watch?v=9u14-QBPzSE,2016-11-15T23:47:25Z
https://www.youtube.com/watch?v=JXRK5WWJTfY,2022-04-07T14:00:57Z
https://www.youtube.com/watch?v=auF-ZZQmNRY,2019-10-30T14:00:00Z
https://www.youtube.com/watch?v=xSyaH8m4BOA,2022-05-11T14:17:52Z
https://www.youtube.com/watch?v=y7tHZ3WeJAw,2022-03-09T16:00:36Z
https://www.youtube.com/watch?v=d-tx9D4a8dc,2022-03-21T23:09:54Z
https://www.youtube.com/watch?v=2cdF8Y3J1e4,2022-05-20T15:00:09Z
https://www.youtube.com/watch?v=GmlBAosY3V0,2022-05-20T15:15:48Z
https://www.youtube.com/watch?v=69JAoslGYI8,2022-05-20T14:00:14Z
https://www.youtube.com/watch?v=SpyKD3Y8I3o,2022-05-20T14:00:11Z
https://www.youtube.com/watch?v=k30_iNzKpdc,2022-05-18T21:00:13Z
https://www.youtube.com/watch?v=V89GAdM_Krc,2020-06-11T10:52:39Z
https://www.youtube.com/watch?v=jBE_X3cMCyM,2019-10-03T23:45:00Z
https://www.youtube.com/watch?v=48Wc8Sn3kAo,2021-06-03T14:00:01Z
https://www.youtube.com/watch?v=xo8bRHy-Gyg,2022-05-06T01:44:21Z
https://www.youtube.com/watch?v=CvPiyE8SKZk,2022-05-06T01:44:21Z
https://www.youtube.com/watch?v=wumB0Qs2YT4,2022-05-18T15:08:26Z
https://www.youtube.com/watch?v=3aKrgl3-Unc,2022-05-27T18:00:14Z
https://www.youtube.com/watch?v=Fh9lQcV94d4,2022-05-27T15:00:10Z
https://www.youtube.com/watch?v=wp43OdtAAkM,2011-01-15T17:37:46Z
https://www.youtube.com/watch?v=cDRIhyYt4Ew,2022-05-28T15:00:10Z
https://www.youtube.com/watch?v=D-HLUqfp2Wc,2022-05-27T15:00:05Z
https://www.youtube.com/watch?v=I6-MS7YqDso,2022-05-27T22:00:35Z
https://www.youtube.com/watch?v=n7xMP3Nwr6I,2022-05-27T15:03:19Z
https://www.youtube.com/watch?v=CWJc5gepckI,2022-05-27T14:00:18Z
https://www.youtube.com/watch?v=pIr6TjG7Rko,2022-01-03T15:00:14Z
https://www.youtube.com/watch?v=YFyczwN3p_M,2022-05-27T15:00:10Z
https://www.youtube.com/watch?v=C1CyJW2D0zY,2022-05-26T17:00:12Z
https://www.youtube.com/watch?v=lV2plyhSRBU,2018-04-10T15:03:07Z
https://www.youtube.com/watch?v=IL1epaZCTmk,2017-03-06T17:46:44Z
https://www.youtube.com/watch?v=MwpMEbgC7DA,2012-11-05T08:00:15Z
https://www.youtube.com/watch?v=vW1b3hzfU2k,2022-05-30T15:00:33Z
https://www.youtube.com/watch?v=y3FdInN6n48,2022-06-03T13:58:30Z
https://www.youtube.com/watch?v=H7yym8n8nLw,2022-06-01T15:00:09Z
https://www.youtube.com/watch?v=jK2k1P56Cno,2018-12-24T22:27:14Z
https://www.youtube.com/watch?v=Tr7mwAGTdK4,2022-06-03T14:00:50Z
https://www.youtube.com/watch?v=bD6ifecX6rs,2017-08-12T23:39:54Z
https://www.youtube.com/watch?v=AAvjEp7u9tA,2018-03-09T14:50:18Z
https://www.youtube.com/watch?v=NbB6qMA2lts,2022-06-03T16:03:44Z
https://www.youtube.com/watch?v=FMWiJwLG0j4,2021-06-22T15:00:11Z
https://www.youtube.com/watch?v=e1tZUSriYM8,2020-07-10T12:40:17Z
https://www.youtube.com/watch?v=V1Pl8CzNzCw,2018-04-26T16:00:02Z
https://www.youtube.com/watch?v=cY7NVK5LqOg,2022-05-31T22:00:12Z
https://www.youtube.com/watch?v=5pHiUJONzgo,2022-02-11T13:59:48Z
https://www.youtube.com/watch?v=Cwrur8J6otc,2022-06-03T15:00:11Z
https://www.youtube.com/watch?v=Qj-qS4aV0UY,2021-07-30T15:01:08Z
https://www.youtube.com/watch?v=kXpOEzNZ8hQ,2022-06-10T03:59:38Z
https://www.youtube.com/watch?v=PQrWORayZTc,2022-06-13T00:00:11Z
https://www.youtube.com/watch?v=kqPSfz_bCX8,2022-08-12T18:00:09Z
https://www.youtube.com/watch?v=Xj4ETM2IJY8,2022-05-20T15:00:14Z
https://www.youtube.com/watch?v=BEz8l69aI8Y,2019-04-17T14:00:03Z
https://www.youtube.com/watch?v=ho7eGlwBzfk,2022-06-08T21:00:18Z
https://www.youtube.com/watch?v=cE-mBCBuxYQ,2022-06-13T21:15:13Z
https://www.youtube.com/watch?v=8xxXjzRlcjQ,2022-06-09T15:15:31Z
https://www.youtube.com/watch?v=Bs3kAyGKgSM,2022-06-03T15:27:37Z
https://www.youtube.com/watch?v=vGBJmgZSeRc,2022-06-10T16:01:05Z
https://www.youtube.com/watch?v=oMtLKDH_VtE,2022-06-10T14:00:22Z
https://www.youtube.com/watch?v=YxGYumo6tpU,2022-06-17T15:00:12Z
https://www.youtube.com/watch?v=aopp7-PFD14,2022-06-16T03:30:01Z
https://www.youtube.com/watch?v=4zhowmwBCuw,2022-06-17T21:34:31Z
https://www.youtube.com/watch?v=F5g_jZSA53M,2022-06-16T03:30:04Z
https://www.youtube.com/watch?v=7xz7zT9Siek,2022-07-13T00:00:14Z
https://www.youtube.com/watch?v=BZ-9iYlDpXc,2022-06-17T21:00:11Z
https://www.youtube.com/watch?v=qeFT0_8LIQw,2022-06-16T03:30:19Z
https://www.youtube.com/watch?v=sQzchBJ2KvM,2021-09-09T20:00:12Z
https://www.youtube.com/watch?v=EOmwH_7J-oI,2021-04-22T03:00:14Z
https://www.youtube.com/watch?v=KRzpY1G5OrE,2022-04-28T17:00:11Z
https://www.youtube.com/watch?v=3BBWKeSKgiI,2022-06-24T18:00:12Z
https://www.youtube.com/watch?v=nbTAKkjnV_Q,2022-06-27T15:00:11Z
https://www.youtube.com/watch?v=a7GITgqwDVg,2022-06-24T05:00:36Z
https://www.youtube.com/watch?v=hMOhgdSPEwY,2021-11-08T03:20:00Z
https://www.youtube.com/watch?v=iqXhId0sDts,2022-06-17T15:00:23Z
https://www.youtube.com/watch?v=zCIcLE1GWUo,2022-06-24T14:00:12Z
https://www.youtube.com/watch?v=1OC6L-ekUXU,2022-07-01T00:00:18Z
https://www.youtube.com/watch?v=8NjXVsLHIg8,2022-07-02T00:30:19Z
https://www.youtube.com/watch?v=ZWopmb4du0I,2022-07-01T05:58:59Z
https://www.youtube.com/watch?v=7njueXmgObo,2022-04-29T15:00:13Z
https://www.youtube.com/watch?v=PaKr9gWqwl4,2014-04-27T23:01:00Z
https://www.youtube.com/watch?v=pKdBFeewZYE,2022-07-01T04:00:00Z
https://www.youtube.com/watch?v=hOGuaMazCz8,2022-07-08T13:57:52Z
https://www.youtube.com/watch?v=-gysEtnzYEw,2022-07-07T17:00:09Z
https://www.youtube.com/watch?v=fvSim-VCR9I,2022-07-07T21:15:11Z
https://www.youtube.com/watch?v=GQ78UQAgLCI,2022-07-07T22:00:13Z
https://www.youtube.com/watch?v=OaAqhlU6VjY,2022-07-04T21:00:20Z
https://www.youtube.com/watch?v=fFeQDbY741I,2022-06-10T21:00:14Z
https://www.youtube.com/watch?v=FqdDdGrB4tY,2022-06-17T15:00:09Z
https://www.youtube.com/watch?v=WiNYFwIfg4w,2022-07-14T14:00:09Z
https://www.youtube.com/watch?v=d6kGhbbsbu0,2022-04-01T15:00:04Z
https://www.youtube.com/watch?v=__ur8Ykcivw,2022-07-19T00:00:11Z
https://www.youtube.com/watch?v=e6yUmOtchLE,2022-07-01T15:30:13Z
https://www.youtube.com/watch?v=_BfZRdFFdE8,2022-07-20T16:00:13Z
https://www.youtube.com/watch?v=g5lA4RNFT3I,2022-07-14T22:15:11Z
https://www.youtube.com/watch?v=LPoFbsAT1sE,2022-07-15T16:00:12Z
https://www.youtube.com/watch?v=-yOnT13j388,2022-07-15T15:15:41Z
https://www.youtube.com/watch?v=P2qvD7LRBAo,2022-07-22T00:11:58Z
https://www.youtube.com/watch?v=1_cXtpgG-EQ,2022-07-22T00:12:11Z
https://www.youtube.com/watch?v=6feNceQ_EZc,2022-07-22T00:11:24Z
https://www.youtube.com/watch?v=b_9yVWUJzS0,2022-07-22T14:00:33Z
https://www.youtube.com/watch?v=YHUKk5UC494,2022-07-22T00:11:35Z
https://www.youtube.com/watch?v=VaLJO9ycpYI,2022-06-17T23:00:17Z
https://www.youtube.com/watch?v=zSRjeUpQUwI,2022-07-30T15:00:14Z
https://www.youtube.com/watch?v=qjxNM9qF3LA,2022-06-24T15:00:12Z
https://www.youtube.com/watch?v=yoPNUwRkDaw,2022-07-13T21:35:43Z
https://www.youtube.com/watch?v=pPxs52_MVIU,2022-06-24T14:00:17Z
https://www.youtube.com/watch?v=MBg5g2g3okU,2022-06-21T14:45:08Z
https://www.youtube.com/watch?v=HgP2KU16O0E,2022-06-03T00:00:04Z
https://www.youtube.com/watch?v=BedRL-vSSoE,2022-06-29T22:00:18Z
https://www.youtube.com/watch?v=GKU2oQhtDxE,2020-12-04T14:00:12Z
https://www.youtube.com/watch?v=E4J0bFa4d0U,2022-06-16T03:30:04Z
https://www.youtube.com/watch?v=VFWKrXxJEdM,2022-07-29T13:59:25Z
https://www.youtube.com/watch?v=thfYx-W63ws,2022-07-27T15:00:41Z
https://www.youtube.com/watch?v=Sau1_hWFHJE,2022-08-01T15:00:14Z
https://www.youtube.com/watch?v=GDWX-3kV6do,2022-07-29T04:00:04Z
https://www.youtube.com/watch?v=gWEf5wVoPrc,2022-07-16T15:00:13Z
https://www.youtube.com/watch?v=IOuLc9ZhLuQ,2022-08-05T14:02:43Z
https://www.youtube.com/watch?v=6N7qDswjXu4,2022-08-05T15:00:14Z
https://www.youtube.com/watch?v=N9liPvylviE,2022-08-04T15:00:13Z
https://www.youtube.com/watch?v=SQ309FXp1KI,2022-06-23T02:50:19Z
https://www.youtube.com/watch?v=jnqDDWsVmGA,2022-08-05T15:00:02Z
https://www.youtube.com/watch?v=z-XxedqPsqg,2022-08-04T14:58:09Z
https://www.youtube.com/watch?v=8eYtGcbBkU4,2022-08-08T21:00:14Z
https://www.youtube.com/watch?v=jd00enZSNFc,2022-07-07T22:00:10Z
https://www.youtube.com/watch?v=lxNd6LRi-PQ,2017-11-02T22:00:03Z
https://www.youtube.com/watch?v=Lo4_K4relMg,2022-07-27T18:20:55Z
https://www.youtube.com/watch?v=Vz4Sb1bl1IE,2022-08-10T00:30:10Z
https://www.youtube.com/watch?v=ZPo_lMVkAxo,2022-08-25T23:00:08Z
https://www.youtube.com/watch?v=3EtO6VToULk,2022-05-27T14:00:11Z
https://www.youtube.com/watch?v=4lFYdHFaLxQ,2022-08-05T21:00:12Z
https://www.youtube.com/watch?v=EReAqpW85jA,2022-08-11T15:00:08Z
https://www.youtube.com/watch?v=vcS7MXjupgk,2021-12-18T14:00:11Z
https://www.youtube.com/watch?v=pfxyk1glEq4,2022-10-20T16:00:10Z
https://www.youtube.com/watch?v=8x2QxMZIUH0,2022-08-12T15:00:10Z
https://www.youtube.com/watch?v=gQlMMD8auMs,2022-08-19T04:00:13Z
https://www.youtube.com/watch?v=bj15pZE_63A,2022-08-23T16:48:28Z
https://www.youtube.com/watch?v=iVHTDImjtYg,2022-08-08T15:10:00Z
https://www.youtube.com/watch?v=XdyRZrVYTEc,2022-08-19T15:00:08Z
https://www.youtube.com/watch?v=pPYMJQ_n8U8,2022-08-17T21:30:12Z
https://www.youtube.com/watch?v=mZ9yZYo9Mmk,2022-02-21T20:00:11Z
https://www.youtube.com/watch?v=SklvRBIrI88,2022-08-10T15:01:22Z
https://www.youtube.com/watch?v=NpRT4arxb_Y,2022-08-24T15:00:13Z
https://www.youtube.com/watch?v=lZ_kegYXFWU,2022-08-24T15:00:35Z
https://www.youtube.com/watch?v=NyFNxqCjCcc,2022-08-12T21:00:14Z
https://www.youtube.com/watch?v=Hn6IdUm0V58,2022-08-25T00:00:09Z
https://www.youtube.com/watch?v=fWKsqzzd6l4,2022-08-24T15:00:20Z
https://www.youtube.com/watch?v=k6jqx9kZgPM,2022-08-26T04:00:11Z
https://www.youtube.com/watch?v=deVm70yarNw,2022-09-01T21:00:11Z
https://www.youtube.com/watch?v=oc0wsia4b3E,2022-08-24T22:00:11Z
https://www.youtube.com/watch?v=vBQbH4mA_z0,2022-09-02T16:09:29Z
https://www.youtube.com/watch?v=1CIIIv9dfzg,2022-09-02T15:00:11Z
https://www.youtube.com/watch?v=hAw6QFzXjOU,2022-08-24T15:00:21Z
https://www.youtube.com/watch?v=A2HvRcZlHvg,2019-07-18T17:58:16Z
https://www.youtube.com/watch?v=O-FFpy7em5U,2022-09-08T05:11:39Z
https://www.youtube.com/watch?v=1G4isv_Fylg,2011-10-19T02:42:54Z
https://www.youtube.com/watch?v=sNqb8Qbs8iQ,2022-09-08T21:00:10Z
https://www.youtube.com/watch?v=yKNxeF4KMsY,2011-05-30T13:12:47Z
https://www.youtube.com/watch?v=U2rocqmbqBA,2022-08-17T15:41:00Z
https://www.youtube.com/watch?v=2wfnx-wDFbc,2022-09-09T18:00:01Z
https://www.youtube.com/watch?v=1w7OgIMMRc4,2009-12-25T06:54:53Z
https://www.youtube.com/watch?v=wD3qAEoAbAo,2022-09-12T21:00:11Z
https://www.youtube.com/watch?v=tVwOeCIj2sM,2022-08-05T14:00:11Z
https://www.youtube.com/watch?v=dvgZkm1xWPE,2008-08-04T09:36:03Z
https://www.youtube.com/watch?v=fFNt_dC9NyU,2022-09-04T15:00:23Z
https://www.youtube.com/watch?v=POe9SOEKotk,2022-09-16T04:00:12Z
https://www.youtube.com/watch?v=Ww056PGMT8Y,2022-09-16T17:00:12Z
https://www.youtube.com/watch?v=bwGftC32wNw,2022-09-16T14:00:12Z
https://www.youtube.com/watch?v=69-jnA4QLSM,2022-09-20T16:00:11Z
https://www.youtube.com/watch?v=sllfKTGARPU,2022-09-15T21:00:09Z
https://www.youtube.com/watch?v=GqLrlHHeww0,2022-09-19T21:00:14Z
https://www.youtube.com/watch?v=EaWSOxIBhS4,2022-08-12T15:30:13Z
https://www.youtube.com/watch?v=fyEW5nT98_g,2022-09-04T15:00:32Z
https://www.youtube.com/watch?v=wFBp_PHXrf4,2022-09-23T00:00:28Z
https://www.youtube.com/watch?v=Uq9gPaIzbe8,2022-09-30T17:00:12Z
https://www.youtube.com/watch?v=af8fdbaB8JY,2022-09-19T23:00:11Z
https://www.youtube.com/watch?v=OjZNMnmUVT4,2022-08-19T14:59:47Z
https://www.youtube.com/watch?v=J3H--06Xw6g,2022-10-01T15:00:14Z
https://www.youtube.com/watch?v=emCOBeMdK18,2022-09-01T23:21:03Z
https://www.youtube.com/watch?v=VAMuj4EtlL0,2022-03-18T14:58:40Z
https://www.youtube.com/watch?v=NOIAGgSNzAo,2022-09-02T21:52:45Z
https://www.youtube.com/watch?v=6CSacAvzPbo,2022-08-19T15:00:16Z
https://www.youtube.com/watch?v=oitFyIjOlPg,2022-09-22T21:00:15Z
https://www.youtube.com/watch?v=rALK230exU0,2022-06-12T18:03:12Z
https://www.youtube.com/watch?v=n-YI6SpWZyE,2022-09-30T21:00:23Z
https://www.youtube.com/watch?v=UiXo1yQDd38,2022-09-29T21:00:18Z
https://www.youtube.com/watch?v=BJa8zgf0cdQ,2022-09-30T15:00:13Z
https://www.youtube.com/watch?v=hr_83ZXhmOI,2022-10-05T00:00:11Z
https://www.youtube.com/watch?v=fuqu_j4mMLc,2022-09-01T22:00:12Z
https://www.youtube.com/watch?v=d7NMHcIecCE,2022-10-07T14:00:14Z
https://www.youtube.com/watch?v=FQgZAj45ojY,2022-10-06T21:00:11Z
https://www.youtube.com/watch?v=uBc1wkTMywM,2022-09-24T15:00:11Z
https://www.youtube.com/watch?v=s9Kdh7RAjIY,2022-09-30T14:00:28Z
https://www.youtube.com/watch?v=RoNVYaKAZpQ,2022-08-13T00:00:15Z
https://www.youtube.com/watch?v=0KSOMA3QBU0,2014-02-20T20:00:03Z
https://www.youtube.com/watch?v=9gbWg7EGFEc,2022-08-27T20:15:00Z
https://www.youtube.com/watch?v=tBdx1b40rfU,2022-10-26T21:00:08Z
https://www.youtube.com/watch?v=Pg5YnRULxuY,2022-10-14T13:58:26Z
https://www.youtube.com/watch?v=nGmITmSf0X4,2022-10-14T15:00:08Z
https://www.youtube.com/watch?v=EJRthCh9E-Y,2022-09-17T15:00:11Z
https://www.youtube.com/watch?v=Y3lnyy515tc,2022-09-30T00:06:14Z
https://www.youtube.com/watch?v=EAjUa_vfshY,2022-10-14T00:00:10Z
https://www.youtube.com/watch?v=fvCyc6-eBgM,2022-10-05T20:59:15Z
https://www.youtube.com/watch?v=LgUge9CfHPs,2022-10-14T15:00:07Z
https://www.youtube.com/watch?v=oGunJrS8SWs,2022-08-29T18:00:19Z
https://www.youtube.com/watch?v=0RzS72cvqbc,2022-10-13T16:15:13Z
https://www.youtube.com/watch?v=R3EAwjEn0vg,2022-10-07T15:00:51Z
https://www.youtube.com/watch?v=nyuo9-OjNNg,2014-12-09T12:17:17Z
https://www.youtube.com/watch?v=VA1PMms8Vio,2022-10-21T15:00:07Z
https://www.youtube.com/watch?v=b1kbLwvqugk,2022-10-21T12:00:06Z
https://www.youtube.com/watch?v=vdbhKBGbsVM,2022-10-14T15:00:11Z
https://www.youtube.com/watch?v=Y69kiJ3fRr8,2022-10-17T23:00:07Z
https://www.youtube.com/watch?v=dkHSfYunuOw,2022-10-19T21:01:41Z
https://www.youtube.com/watch?v=sHCFhRsJxow,2022-10-21T14:00:28Z
https://www.youtube.com/watch?v=M4gwPKau-ag,2022-09-02T15:00:13Z
https://www.youtube.com/watch?v=jPwCxjJqHGw,2022-10-14T14:00:07Z
https://www.youtube.com/watch?v=GxldQ9eX2wo,2022-06-28T19:00:11Z
https://www.youtube.com/watch?v=lFfKXLUmLLo,2022-07-01T03:06:29Z
https://www.youtube.com/watch?v=b44hkn9cybI,2022-09-30T16:00:11Z
https://www.youtube.com/watch?v=F00u9GZV_iQ,2022-08-26T22:00:10Z
https://www.youtube.com/watch?v=24lfgigKHqQ,2022-10-27T22:00:09Z
https://www.youtube.com/watch?v=RTMiC5WturY,2022-08-25T12:13:18Z
https://www.youtube.com/watch?v=Mx_OexsUI2M,2022-10-28T19:30:03Z
https://www.youtube.com/watch?v=GKZyqhieHH4,2017-10-30T21:00:03Z
https://www.youtube.com/watch?v=sj-pRriVRJI,2022-10-29T21:00:10Z
https://www.youtube.com/watch?v=L4-RuVKkaso,2018-08-10T20:55:47Z
https://www.youtube.com/watch?v=WVndi9ppDyo,2022-10-28T17:00:09Z
https://www.youtube.com/watch?v=c6ASQOwKkhk,2022-10-28T04:00:01Z
https://www.youtube.com/watch?v=EbVV9FDxM4c,2022-08-12T15:00:10Z
https://www.youtube.com/watch?v=9JxhtlGvtbw,2022-10-28T21:00:08Z
https://www.youtube.com/watch?v=p1OSg868sAY,2022-08-05T14:00:02Z
https://www.youtube.com/watch?v=t050lriI0_w,2022-11-04T15:00:11Z
https://www.youtube.com/watch?v=DwY36fs3c_E,2022-11-03T15:00:10Z
https://www.youtube.com/watch?v=B4dmw3CfYtY,2022-12-29T18:56:26Z
https://www.youtube.com/watch?v=cRD-WZOYTEQ,2022-11-04T15:00:11Z
https://www.youtube.com/watch?v=eI5FkVWz_dI,2022-10-05T00:00:12Z
https://www.youtube.com/watch?v=BAJAEXdnoFk,2022-11-04T18:00:09Z
https://www.youtube.com/watch?v=BBUdg9S4Ii4,2022-10-07T22:00:09Z
https://www.youtube.com/watch?v=szzboy0dXUw,2022-08-29T21:00:13Z
https://www.youtube.com/watch?v=jAC2AsoYxgc,2022-11-04T13:56:02Z
https://www.youtube.com/watch?v=rnhrtIfi-HU,2022-11-10T18:30:07Z
https://www.youtube.com/watch?v=QQQqkDD7i8Y,2022-11-10T18:00:10Z
https://www.youtube.com/watch?v=BzcIno-D0Es,2022-11-10T20:00:10Z
https://www.youtube.com/watch?v=RtRGjVtVVrQ,2022-11-10T19:39:59Z
https://www.youtube.com/watch?v=Nosy-f5WOBk,2022-11-11T13:58:16Z
https://www.youtube.com/watch?v=G6lmTPZ_WqM,2022-11-11T15:00:08Z
https://www.youtube.com/watch?v=emP8bctYHvA,2022-11-10T14:01:12Z
https://www.youtube.com/watch?v=n2vr0aGhvTc,2022-11-15T21:00:07Z
https://www.youtube.com/watch?v=mFzbT45t3vA,2022-09-04T15:00:32Z
https://www.youtube.com/watch?v=5fI3cK7iDeg,2022-11-18T15:00:10Z
https://www.youtube.com/watch?v=DeVsfHet-uA,2022-11-21T15:00:17Z
https://www.youtube.com/watch?v=pRpeEdMmmQ0,2010-06-04T22:30:35Z
https://www.youtube.com/watch?v=vY2nYrhFRVo,2022-11-14T15:00:06Z
https://www.youtube.com/watch?v=rb0bjyt1OD0,2022-11-18T15:00:11Z
https://www.youtube.com/watch?v=ux6JORaW7PA,2022-11-18T00:00:08Z
https://www.youtube.com/watch?v=vqHHUeEyEyU,2022-10-28T15:45:07Z
https://www.youtube.com/watch?v=4jWiihUUvis,2022-11-25T22:00:07Z
https://www.youtube.com/watch?v=lH09-e5B_Uc,2022-11-25T14:00:09Z
https://www.youtube.com/watch?v=IwzkfMmNMpM,2022-11-22T12:09:19Z
https://www.youtube.com/watch?v=JSqirB_c55E,2022-11-18T15:00:07Z
https://www.youtube.com/watch?v=kEF4APJuV58,2022-10-10T21:00:12Z
https://www.youtube.com/watch?v=svmKwDd5MlE,2022-11-17T00:30:10Z
https://www.youtube.com/watch?v=2O7ovMq-Mgk,2022-07-08T12:15:00Z
https://www.youtube.com/watch?v=L1p0clhjOlg,2022-12-10T22:15:00Z
https://www.youtube.com/watch?v=p03BWB5SN4M,2022-12-01T00:13:22Z
https://www.youtube.com/watch?v=9l7E42BO57c,2022-12-01T00:00:10Z
https://www.youtube.com/watch?v=H-Zggz8dKWA,2022-12-02T15:00:10Z
https://www.youtube.com/watch?v=i1k6o74iRfw,2022-12-01T23:00:07Z
https://www.youtube.com/watch?v=LhAh8GTu10k,2022-11-30T15:00:11Z
https://www.youtube.com/watch?v=WcIcVapfqXw,2022-09-07T16:00:09Z
https://www.youtube.com/watch?v=msQ5cGBeyqA,2022-12-01T00:14:22Z
https://www.youtube.com/watch?v=xEd4vHYLDko,2022-12-02T14:59:15Z
https://www.youtube.com/watch?v=eihpkV7KSKo,2022-10-28T00:00:08Z
https://www.youtube.com/watch?v=5t0J5Yt4eI0,2022-10-25T22:00:06Z
https://www.youtube.com/watch?v=4HQect5dM-g,2022-12-09T21:00:10Z
https://www.youtube.com/watch?v=tI55Zu9uZEM,2022-12-09T12:00:14Z
https://www.youtube.com/watch?v=dhWqk9A0hik,2022-12-09T21:00:09Z
https://www.youtube.com/watch?v=wsV1RHXqihQ,2022-12-09T12:01:23Z
https://www.youtube.com/watch?v=I1eZ6SilA74,2022-11-26T14:10:00Z
https://www.youtube.com/watch?v=4fzFfiW3RPM,2022-11-30T21:14:20Z
https://www.youtube.com/watch?v=cAQXfZDXPek,2020-09-04T14:00:09Z
https://www.youtube.com/watch?v=tZMIKfHMnkU,2022-09-09T15:00:08Z
https://www.youtube.com/watch?v=_j02gnLHdNo,2022-12-09T13:58:35Z
https://www.youtube.com/watch?v=P5AnIr0_6tw,2022-11-24T15:00:13Z
https://www.youtube.com/watch?v=lxhqCcrnTv4,2018-12-11T12:59:15Z
https://www.youtube.com/watch?v=sOgYk0iXNls,2022-12-16T11:59:41Z
https://www.youtube.com/watch?v=vsAPYtF50VI,2023-01-06T15:00:07Z
https://www.youtube.com/watch?v=Em4BVubFQLc,2022-12-14T22:00:08Z
https://www.youtube.com/watch?v=63cC7YAed_M,2022-12-16T14:00:58Z
https://www.youtube.com/watch?v=VZ2eUOIgfcs,2022-12-15T14:00:27Z
https://www.youtube.com/watch?v=LMVeIAEanKM,2022-10-21T15:00:09Z
https://www.youtube.com/watch?v=To2MAzO0VEE,2022-12-20T22:30:08Z
https://www.youtube.com/watch?v=l3MoYFMBzdU,2022-12-21T14:42:10Z
https://www.youtube.com/watch?v=Kh9fYUUMK9U,2022-12-20T23:00:10Z
https://www.youtube.com/watch?v=rUW7ev79fTA,2022-12-23T14:00:09Z
https://www.youtube.com/watch?v=RuXFXp4zQlM,2022-12-22T00:00:06Z
https://www.youtube.com/watch?v=OLIrioTRLTk,2022-08-12T15:00:09Z
https://www.youtube.com/watch?v=kNdIA-L8E3c,2020-10-29T14:00:08Z
https://www.youtube.com/watch?v=nHkiC85WsvE,2022-12-23T20:00:25Z
https://www.youtube.com/watch?v=TCLGN6m6AMI,2021-01-22T13:42:29Z
https://www.youtube.com/watch?v=6Vl1BMPqGyA,2022-12-22T23:00:10Z
https://www.youtube.com/watch?v=Z8HNDfY3ba4,2022-12-29T14:45:10Z
https://www.youtube.com/watch?v=bPf3vNB944o,2022-12-10T22:43:40Z
https://www.youtube.com/watch?v=bRgDFUt7Eqk,2022-12-13T15:00:30Z
https://www.youtube.com/watch?v=_KaA8W_Hov8,2023-01-13T14:59:46Z
https://www.youtube.com/watch?v=har3c93pJe0,2022-12-21T00:45:08Z
https://www.youtube.com/watch?v=rVnBsSQYfJI,2022-12-24T15:00:28Z
https://www.youtube.com/watch?v=pXM6v3JnT7s,2013-11-13T15:51:07Z
https://www.youtube.com/watch?v=V1MnerfaLu4,2022-12-06T15:00:07Z
https://www.youtube.com/watch?v=c7ceSQ3PZ2E,2023-01-06T15:00:42Z
https://www.youtube.com/watch?v=6kiJt7WTTM4,2022-12-29T14:00:04Z
https://www.youtube.com/watch?v=HzVS22rEwzU,2022-11-19T04:15:37Z
https://www.youtube.com/watch?v=arapddN0bfc,2023-03-03T22:00:07Z
https://www.youtube.com/watch?v=50f7RJX_naM,2023-01-04T21:00:08Z
https://www.youtube.com/watch?v=_xl7YEj7IBM,2022-12-22T21:00:12Z
https://www.youtube.com/watch?v=L0MK7qz13bU,2014-01-30T17:16:06Z
https://www.youtube.com/watch?v=vSkW7eHyjFk,2021-09-07T21:15:01Z
https://www.youtube.com/watch?v=iBmrml_5JFk,2022-12-21T00:30:08Z
https://www.youtube.com/watch?v=OgH8-5OAQzg,2022-06-30T16:00:13Z
https://www.youtube.com/watch?v=ysn8Ifdfry4,2022-09-27T22:00:13Z
https://www.youtube.com/watch?v=G7KNmW9a75Y,2023-01-13T00:00:09Z
https://www.youtube.com/watch?v=CocEMWdc7Ck,2023-01-12T00:00:07Z
https://www.youtube.com/watch?v=29WR7F4TDUI,2023-01-13T13:00:05Z
https://www.youtube.com/watch?v=Cr7N6s7bhl4,2023-01-02T21:00:04Z
https://www.youtube.com/watch?v=_13nyyGnnuQ,2023-01-13T22:00:10Z
https://www.youtube.com/watch?v=za1IIm-yLbg,2022-11-19T04:15:37Z
https://www.youtube.com/watch?v=cXCBiF67jLM,2023-01-13T05:00:07Z
https://www.youtube.com/watch?v=vjfB87h1_Ik,2022-12-16T15:00:09Z
https://www.youtube.com/watch?v=5ciGH5POULk,2023-01-22T18:00:08Z
https://www.youtube.com/watch?v=VFwmKL5OL-Q,2011-05-18T22:11:27Z
https://www.youtube.com/watch?v=UR7APKgOprI,2022-12-27T18:00:08Z
https://www.youtube.com/watch?v=qYJmwH26jvA,2023-01-03T00:00:09Z
https://www.youtube.com/watch?v=0cnUcoXllMM,2022-12-19T22:21:35Z
https://www.youtube.com/watch?v=mr09lDl_Tfk,2023-01-27T14:00:33Z
https://www.youtube.com/watch?v=VBJvDgBZEi4,2023-01-31T00:00:09Z
https://www.youtube.com/watch?v=Jm5MCIVwjas,2023-01-27T13:59:29Z
https://www.youtube.com/watch?v=R_4Clufmtq8,2023-01-26T23:00:06Z
https://www.youtube.com/watch?v=E7d9hda5Cws,2023-01-27T14:00:03Z
https://www.youtube.com/watch?v=vyxyJIYTabw,2022-12-15T15:00:39Z
https://www.youtube.com/watch?v=6iAb5K0bDTw,2023-01-25T22:00:11Z
https://www.youtube.com/watch?v=o6S3zsQUO_U,2023-01-20T14:00:10Z
https://www.youtube.com/watch?v=GnoTgMEckDs,2023-01-20T14:59:13Z
https://www.youtube.com/watch?v=u8PI0ASpG4U,2023-02-03T15:00:08Z
https://www.youtube.com/watch?v=r9GrcxTGNWg,2023-02-03T14:00:07Z
https://www.youtube.com/watch?v=QxZFjShiXhA,2023-02-03T15:00:07Z
https://www.youtube.com/watch?v=dOzuPD67Qh0,2023-02-03T14:00:12Z
https://www.youtube.com/watch?v=vHv9eUdb1DM,2023-02-03T14:00:12Z
https://www.youtube.com/watch?v=Z6cONvRUFZQ,2023-02-01T20:00:08Z
https://www.youtube.com/watch?v=DB6-B_vtwuQ,2023-02-04T15:00:10Z
https://www.youtube.com/watch?v=OO1nHL70qEE,2023-02-03T14:00:09Z
https://www.youtube.com/watch?v=tyDRlYGSF8U,2023-01-31T00:21:47Z
https://www.youtube.com/watch?v=JFf_IKPC6RM,2023-01-06T14:00:16Z
https://www.youtube.com/watch?v=EiNXdavDKvs,2022-12-28T21:22:04Z
https://www.youtube.com/watch?v=d_zOeyuZa1o,2023-02-03T22:00:07Z
https://www.youtube.com/watch?v=FP7tSaxPNTA,2022-06-23T00:00:11Z
https://www.youtube.com/watch?v=3EhhbOPRSeU,2023-01-17T21:00:07Z
https://www.youtube.com/watch?v=FbDplUUW8SQ,2023-02-10T15:00:11Z
https://www.youtube.com/watch?v=c-9KKQX4vwA,2023-02-10T14:00:10Z
https://www.youtube.com/watch?v=eOTJtXleRcE,2023-02-03T03:00:07Z
https://www.youtube.com/watch?v=jQSxSYeFKnE,2023-02-09T00:00:09Z
https://www.youtube.com/watch?v=ug5IBOYCUzQ,2023-01-26T18:00:11Z
https://www.youtube.com/watch?v=z4H_Is0Jp4w,2023-02-10T14:59:50Z
https://www.youtube.com/watch?v=9D3c4FlFuy8,2023-02-02T14:07:29Z
https://www.youtube.com/watch?v=EnJ-AfEjRo0,2023-02-28T15:51:28Z
https://www.youtube.com/watch?v=it5bnRGUMPs,2023-01-20T14:00:28Z
https://www.youtube.com/watch?v=HK7bSTeQw6U,2023-02-17T15:00:08Z
https://www.youtube.com/watch?v=cTjrTb4XaR0,2023-02-15T14:00:10Z
https://www.youtube.com/watch?v=6jIdiTzBSkw,2023-02-17T21:00:08Z
https://www.youtube.com/watch?v=a8xV1QH_P18,2023-02-12T23:09:36Z
https://www.youtube.com/watch?v=GBteTh-ft38,2016-11-04T13:43:39Z
https://www.youtube.com/watch?v=mfTGSuQp9so,2023-02-17T15:00:07Z
https://www.youtube.com/watch?v=0NjID2gRBW0,2023-01-20T00:00:00Z
https://www.youtube.com/watch?v=7ykupU1p4C8,2023-01-14T03:02:34Z
https://www.youtube.com/watch?v=Z6yKTRQcfYE,2018-12-21T08:00:02Z
https://www.youtube.com/watch?v=LpHfPPqjUOk,2023-01-12T15:00:08Z
https://www.youtube.com/watch?v=lKNdzn_VL0k,2023-03-02T22:00:10Z
https://www.youtube.com/watch?v=ZvRlusdjMSs,2023-02-27T11:26:38Z
https://www.youtube.com/watch?v=6RTg7ovfaLk,2023-02-24T15:00:23Z
https://www.youtube.com/watch?v=jZGpkLElSu8,2023-02-24T05:00:09Z
https://www.youtube.com/watch?v=4G1UaXq9NjU,2023-02-24T21:00:09Z
https://www.youtube.com/watch?v=YQ-qToZUybM,2023-02-24T05:00:18Z
https://www.youtube.com/watch?v=SFiu3KLNd34,2019-03-24T14:58:17Z
https://www.youtube.com/watch?v=NbOBWn43wGc,2023-03-03T15:00:13Z
https://www.youtube.com/watch?v=1HmP3XYkdnQ,2023-03-03T01:15:37Z
https://www.youtube.com/watch?v=VtxKUTmtRbo,2023-02-10T15:00:07Z
https://www.youtube.com/watch?v=AtolYzaMoXc,2022-11-19T04:15:37Z
https://www.youtube.com/watch?v=IgegJ52oscs,2022-11-04T03:00:05Z
https://www.youtube.com/watch?v=xDlLe1xP2qI,2023-03-13T14:00:26Z
https://www.youtube.com/watch?v=Oi7x_2QMpuA,2023-03-10T15:00:10Z
https://www.youtube.com/watch?v=038emoNRq50,2023-03-09T00:30:07Z
https://www.youtube.com/watch?v=bHT5GvYi6io,2023-03-03T15:00:08Z
https://www.youtube.com/watch?v=fd3PJfv7SaY,2023-01-26T14:00:25Z
https://www.youtube.com/watch?v=0dLX40UMUKo,2016-04-18T13:48:29Z
https://www.youtube.com/watch?v=Ustgnn6Xp0o,2022-12-20T23:15:11Z
https://www.youtube.com/watch?v=Ve6Am4IOX-Q,2023-03-17T15:00:07Z
https://www.youtube.com/watch?v=eGpIwanODHw,2023-03-17T14:00:10Z
https://www.youtube.com/watch?v=78aBsqmXdk4,2023-03-16T22:00:11Z
https://www.youtube.com/watch?v=UaywgAqcLxI,2023-03-17T03:59:11Z
https://www.youtube.com/watch?v=ypTS8gohH5Q,2023-03-20T23:00:06Z
https://www.youtube.com/watch?v=pdLC3l87Ouk,2023-03-17T15:00:05Z
https://www.youtube.com/watch?v=Cd_vczmAuBE,2023-03-17T14:59:49Z
https://www.youtube.com/watch?v=_I6rcvzXUE0,2023-03-10T15:00:06Z
https://www.youtube.com/watch?v=IwDrW0YTYWI,2023-02-27T22:19:40Z
https://www.youtube.com/watch?v=ClQoZ-Y_KS8,2023-03-17T14:59:44Z
https://www.youtube.com/watch?v=kwZTa5cGeSk,2023-03-03T15:00:03Z
https://www.youtube.com/watch?v=5hj2kiGGbGs,2023-03-22T22:00:09Z
https://www.youtube.com/watch?v=x9XkXqGDo04,2023-03-21T15:00:09Z
https://www.youtube.com/watch?v=uSHSess_Tpg,2023-04-07T15:09:51Z
https://www.youtube.com/watch?v=pdMNd_FMzTM,2023-03-28T21:00:10Z
https://www.youtube.com/watch?v=-23qYBHF_P4,2023-03-21T14:00:08Z
https://www.youtube.com/watch?v=93TXfW3MT4o,2023-03-21T14:00:08Z
https://www.youtube.com/watch?v=IZMhI9CwMkY,2023-03-17T14:59:19Z
https://www.youtube.com/watch?v=_aWNQ6ykQHw,2023-03-10T13:31:52Z
https://www.youtube.com/watch?v=4QOuDjybWoA,2023-03-02T15:01:17Z
https://www.youtube.com/watch?v=nOI67IDlNMQ,2023-03-24T03:59:08Z
https://www.youtube.com/watch?v=5GJWxDKyk3A,2021-07-30T16:00:09Z
https://www.youtube.com/watch?v=YudHcBIxlYw,2023-03-31T04:00:14Z
https://www.youtube.com/watch?v=0lgAIjua6pA,2023-03-31T22:00:10Z
https://www.youtube.com/watch?v=XxE7bZlyiNw,2023-03-31T00:00:10Z
https://www.youtube.com/watch?v=R2-VRvEpJ84,2023-03-15T16:53:20Z
https://www.youtube.com/watch?v=f2JlAkmeB0M,2023-03-31T22:00:09Z
https://www.youtube.com/watch?v=MV5wggAXoVU,2023-03-31T15:00:25Z
https://www.youtube.com/watch?v=ORXurYriT8Q,2023-03-31T22:00:08Z
https://www.youtube.com/watch?v=WsnTAw5DtAM,2023-04-01T18:00:09Z
https://www.youtube.com/watch?v=4S1JHavjGWY,2023-03-31T15:00:11Z
https://www.youtube.com/watch?v=uvbKI8Bc9dA,2023-04-07T15:00:09Z
https://www.youtube.com/watch?v=KrLnAuQXDSA,2023-04-05T21:45:11Z
https://www.youtube.com/watch?v=AUVNMKLvh5w,2023-05-07T17:44:08Z
https://www.youtube.com/watch?v=oPLauQFcIco,2023-04-10T21:20:27Z
https://www.youtube.com/watch?v=OXBCV5WixCU,2018-12-07T12:58:21Z
https://www.youtube.com/watch?v=qRPWFhE_I54,2023-04-04T07:42:18Z
https://www.youtube.com/watch?v=-UUe7g8-E0k,2023-04-14T14:00:02Z
https://www.youtube.com/watch?v=PkQH67mwHPw,2023-04-10T13:00:11Z
https://www.youtube.com/watch?v=IMn8WL1ZkcQ,2023-04-14T00:01:21Z
https://www.youtube.com/watch?v=WF6KYaPrxT0,2023-04-12T21:15:10Z
https://www.youtube.com/watch?v=yqo850ic84I,2023-04-10T21:00:10Z
https://www.youtube.com/watch?v=wS1kXQH83U4,2023-04-01T15:00:42Z
https://www.youtube.com/watch?v=eprthTEQrXs,2023-03-24T15:00:31Z
https://www.youtube.com/watch?v=WK4cgPtBjTE,2023-04-10T15:00:09Z
https://www.youtube.com/watch?v=Uxtgz1FU3XA,2023-04-14T15:00:10Z
https://www.youtube.com/watch?v=rWS_M3BDHaQ,2023-04-03T22:56:29Z
https://www.youtube.com/watch?v=FQMp-QB1dB0,2023-04-10T14:38:39Z
https://www.youtube.com/watch?v=COhBkRmL2ZM,2023-04-29T14:00:07Z
https://www.youtube.com/watch?v=URN-Ikkc4CI,2010-12-01T11:47:15Z
https://www.youtube.com/watch?v=vyC5xujHahA,2023-03-25T01:34:33Z
https://www.youtube.com/watch?v=sTuP-cnH9_w,2023-04-14T15:00:09Z
https://www.youtube.com/watch?v=y-08wsrSG3s,2023-04-12T21:00:22Z
https://www.youtube.com/watch?v=JNzI4R7qZvc,2023-04-21T14:00:13Z
https://www.youtube.com/watch?v=XzaJWAL2Ks4,2023-04-28T21:00:16Z
https://www.youtube.com/watch?v=jHZkI2Q-NC8,2023-03-31T22:00:07Z
https://www.youtube.com/watch?v=YyFd_dXy494,2021-12-03T15:00:12Z
https://www.youtube.com/watch?v=JiKqvsjZJZU,2023-03-31T15:00:11Z
https://www.youtube.com/watch?v=v3bY7vPTmZA,2023-04-06T17:00:08Z
https://www.youtube.com/watch?v=rGHJ0mqean4,2023-05-01T00:00:08Z
https://www.youtube.com/watch?v=eyb10WuPaME,2023-04-28T22:07:11Z
https://www.youtube.com/watch?v=Uo7U7ruedic,2018-12-24T12:43:42Z
https://www.youtube.com/watch?v=YeqgMW1_gA4,2017-05-25T18:06:09Z
https://www.youtube.com/watch?v=MbEcjsE0UOc,2021-07-02T15:15:13Z
https://www.youtube.com/watch?v=CUFMfGu1yQc,2018-12-24T22:57:36Z
https://www.youtube.com/watch?v=kWvFoR-Wf-I,2023-05-05T00:30:09Z
https://www.youtube.com/watch?v=CWDZF7aJmjE,2023-05-05T22:00:09Z
https://www.youtube.com/watch?v=DyQ3McP4Two,2021-02-26T14:10:17Z
https://www.youtube.com/watch?v=casdq7FlO4g,2023-05-05T00:15:08Z
https://www.youtube.com/watch?v=yXFR8I2LTTI,2023-05-05T00:00:08Z
https://www.youtube.com/watch?v=I1iY-gsyg20,2023-04-04T06:27:23Z
https://www.youtube.com/watch?v=HiD5NfL7V1Y,2023-04-28T15:00:08Z
https://www.youtube.com/watch?v=sQQsR3rTj2k,2023-05-05T00:45:08Z
https://www.youtube.com/watch?v=6UQHIQpBw6w,2021-03-31T22:28:55Z
https://www.youtube.com/watch?v=OZgQnRcGZXs,2023-05-11T15:30:11Z
https://www.youtube.com/watch?v=HUFSL-1YQgg,2023-05-15T21:15:09Z
https://www.youtube.com/watch?v=wmQdOhoy0_s,2023-05-12T15:00:07Z
https://www.youtube.com/watch?v=qxpYri5vHU4,2023-05-17T15:00:08Z
https://www.youtube.com/watch?v=JhXagtxvDKY,2019-07-19T15:00:02Z
https://www.youtube.com/watch?v=5psNl_M0_jk,2023-05-15T22:00:02Z
https://www.youtube.com/watch?v=Zdz55fPtpxQ,2021-06-15T15:00:13Z
https://www.youtube.com/watch?v=b3NsZtiiwFg,2023-05-12T14:59:59Z
https://www.youtube.com/watch?v=KFXnHPifm6M,2020-06-29T18:00:26Z
https://www.youtube.com/watch?v=Cn_ltkG_QpA,2023-04-20T18:00:11Z
https://www.youtube.com/watch?v=uGMQbSy_JTM,2023-05-19T17:41:32Z
https://www.youtube.com/watch?v=4Qta7cMSXc4,2023-05-19T17:41:34Z
https://www.youtube.com/watch?v=4Se0tylmoi8,2023-05-18T15:00:07Z
https://www.youtube.com/watch?v=HH4FAIfPtko,2023-05-19T14:59:11Z
https://www.youtube.com/watch?v=p3MQgwt8LmE,2023-05-05T15:00:10Z
https://www.youtube.com/watch?v=eoKBEjbAjYU,2023-03-15T15:19:25Z
https://www.youtube.com/watch?v=Zjac4xXdubo,2023-05-19T14:17:29Z
https://www.youtube.com/watch?v=4R9jEM2ms8o,2023-04-19T21:15:45Z
https://www.youtube.com/watch?v=aHBW_Nd_z8k,2023-05-05T14:00:07Z
https://www.youtube.com/watch?v=YcPaOASoL0Q,2023-05-25T21:00:08Z
https://www.youtube.com/watch?v=gxEHxtFRTOk,2023-02-26T15:06:19Z
https://www.youtube.com/watch?v=PfsDYmCRUSo,2023-05-11T20:30:09Z
https://www.youtube.com/watch?v=q9U-k9rd0EY,2023-05-25T22:30:08Z
https://www.youtube.com/watch?v=1BCVYM2hl0g,2022-10-28T15:00:45Z
https://www.youtube.com/watch?v=0HlQIFO7Yvo,2023-03-31T13:58:12Z
https://www.youtube.com/watch?v=6p1DpzTRZHk,2023-05-19T21:51:11Z
https://www.youtube.com/watch?v=Mf2ctPSoLO8,2023-05-26T13:59:49Z
https://www.youtube.com/watch?v=D60K8BU6lsY,2023-06-09T14:50:07Z
https://www.youtube.com/watch?v=SAX33kRRDBI,2023-05-12T15:00:11Z
https://www.youtube.com/watch?v=UIAXbSCjtwQ,2023-06-01T14:00:02Z
https://www.youtube.com/watch?v=bydRD0taXIY,2023-05-26T16:00:10Z
https://www.youtube.com/watch?v=0yPQnBG0hzQ,2023-04-28T21:00:10Z
https://www.youtube.com/watch?v=QdWAkRK3HOk,2023-04-22T15:00:08Z
https://www.youtube.com/watch?v=HPM7OWuchFs,2023-03-24T15:41:45Z
https://www.youtube.com/watch?v=FtHBS6WLsfo,2023-06-05T13:57:58Z
https://www.youtube.com/watch?v=6Pix8tMSN6g,2023-06-09T14:58:30Z
https://www.youtube.com/watch?v=O7609yfn88E,2023-05-20T22:15:01Z
https://www.youtube.com/watch?v=UgdUPzGsWwI,2023-05-26T21:00:12Z
https://www.youtube.com/watch?v=lf-KK2iWVkE,2022-12-16T15:00:09Z
https://www.youtube.com/watch?v=yx_yQuQjOIo,2023-05-17T20:59:42Z
